moving_plate_id,moving_plate_name,handoff_age_ma,from_fixed_plate_id,to_fixed_plate_id,event_type,event_label,evidence,evidence_age_ma,evidence_age_uncertainty_ma,reference,confidence
701,"Congo (Africa, longitude-corrected)",850,101,0,rifting,Congo rifts from Laurentia (Rodinia breakup),The hand-drawn Neoproterozoic cladogram (Neoprot_cladogram_June29.pdf) draws rifting (crimson) on the Congo north/east-margin rows at ca. 889-789 Ma and on its southern and eastern margins at ca. 820-729 Ma; the model releases Congo from Laurentia into the spin-axis frame at 850 Ma.,839,50,,low
206,Sao Francisco,870,201,701,rifting,Sao Francisco margin rifting,Rift box (crimson) on the Sao Francisco row of the hand-drawn Neoproterozoic cladogram (Neoprot_cladogram_June29.pdf) spans ca. 905-859 Ma; the model moves Sao Francisco from Amazonia to the Congo frame at 870 Ma.,882,23,,low
5031,Afif Terrane,850,715,5913,emergence,Afif arc domain activated; Halaban suturing comes later,"The Afif Terrane arc-domain feature becomes valid at 840 Ma in the Merdith v1.1b geometry (ANS-GC1 domain_age_ledger: a model-feature activation, not subaerial emergence). The hand-drawn Neoproterozoic cladogram (Neoprot_cladogram_June29.pdf) shows arc crust (pink) on Afif-Abas at ca. 848-819 Ma and its Halaban suturing (54) only at ca. 680-617 Ma, which this model does not encode as a handoff.",840,,"Merdith et al. (2021), Earth-Science Reviews 214, 103477, https://doi.org/10.1016/j.earscirev.2020.103477",low
5907,Hijaz,860,,5904,emergence,Hijaz arc domain appears,"Hijaz arc-domain geometry is valid from 850 Ma in Merdith v1.1b (ANS-GC1 domain_age_ledger; native domain age, not subaerial emergence); the hand-drawn Neoproterozoic cladogram (Neoprot_cladogram_June29.pdf) shows juvenile arc crust (purple) on the Hijaz & Gebeit-Gabgaba row at ca. 853-824 Ma.",850,,"Merdith et al. (2021), Earth-Science Reviews 214, 103477, https://doi.org/10.1016/j.earscirev.2020.103477",low
5907,Hijaz,780,5904,5913,suture,Bi'r Umq-Nakasib suture,Accretion boxes 41 (Bi'r Umq) and 42 (Nakasib) on the Jiddah and Hijaz rows of the hand-drawn Neoproterozoic cladogram (Neoprot_cladogram_June29.pdf) span ca. 781-760 Ma; the model moves Hijaz from Gebeit/Gabgaba onto Jiddah at 780 Ma.,770,10,,low
5905,Egyptian Desert,820,,5904,emergence,Egyptian Desert arc/back-arc domain appears,Egyptian Desert domain is valid from 780 Ma in Merdith v1.1b (ANS-GC1 domain_age_ledger; not literal subaerial emergence) while its rotation sequence starts at 820 Ma. The hand-drawn Neoproterozoic cladogram (Neoprot_cladogram_June29.pdf) shows juvenile arc crust (purple) on the Midyan & Egyptian Desert row at ca. 780-751 Ma.,780,,"Merdith et al. (2021), Earth-Science Reviews 214, 103477, https://doi.org/10.1016/j.earscirev.2020.103477",low
5906,Midyan,820,,5905,emergence,Midyan arc domain appears,"Midyan domain is valid from 780 Ma in Merdith v1.1b (ANS-GC1 domain_age_ledger; native domain age, not subaerial emergence) while its rotation sequence starts at 820 Ma.",780,,"Merdith et al. (2021), Earth-Science Reviews 214, 103477, https://doi.org/10.1016/j.earscirev.2020.103477",low
5903,Atmur-Delgo,760,,715,emergence,Atmur-Delgo domain appears (accretion comes later),"Atmur-Delgo domain is valid from 750 Ma in Merdith v1.1b (ANS-GC1 domain_age_ledger). The hand-drawn Neoproterozoic cladogram (Neoprot_cladogram_June29.pdf) puts its accretion (46, Atmur-Delgo) at ca. 721-700 Ma, but the model keeps it fixed to Northeast Africa throughout, so that later collision has no handoff.",750,,"Merdith et al. (2021), Earth-Science Reviews 214, 103477, https://doi.org/10.1016/j.earscirev.2020.103477",low
508,Sinai-Arabia (Sa'al),710,5905,5901,accretion,Midyan-Eastern Desert accretion to the older kernel,"Collins et al. (2021) discuss ca. 715 Ma Midyan-Eastern Desert accretion to the older kernel (ANS-GC1 README). The hand-drawn Neoproterozoic cladogram (Neoprot_cladogram_June29.pdf) draws accretion 44-46 (Yanbu, Allaqi, Atmur-Delgo) at ca. 721-700 Ma on the Midyan & Egyptian Desert row.",715,,"Collins et al. (2021), Communications Earth & Environment, https://doi.org/10.1038/s43247-021-00149-z",medium
5912,Ar Rayn,710,,5031,emergence,Ar Rayn domain appears,"Ar Rayn domain is valid from 700 Ma in Merdith v1.1b (ANS-GC1 domain_age_ledger; native domain age, not subaerial emergence) while its rotation sequence starts at 710 Ma.",700,,"Merdith et al. (2021), Earth-Science Reviews 214, 103477, https://doi.org/10.1016/j.earscirev.2020.103477",low
5905,Egyptian Desert,709,5904,5904,ophiolite_obduction,Allaqi-Heiani suture: ophiolite emplaced before 709 Ma,"Wadi Allaqi ophiolite emplacement predates the crosscutting ASH-1 quartz diorite (709 +/- 4 Ma), local stitching of the Allaqi-Heiani suture (ANS-CON-0003). The model keeps Egyptian Desert fixed to Gebeit/Gabgaba from 820 to 410 Ma, so this suture has no handoff to attach to; Wadi Ghadir back-arc oceanic crust at 697.8 +/- 4.2 Ma (Zoheir et al. 2022) also postdates the model's fusion.",709,4,"Ali et al. (2010), Gondwana Research 18(4), 583-595, https://doi.org/10.1016/j.gr.2010.03.002",medium
501,India,720,0,801,paleomagnetic_constraint,Oman (on India) pole at ca. 726 Ma,"Swanson-Hysell et al. (2025) place Oman (Shaat/Zalawt) at 37.5 +/- 2.5 N at ca. 726 Ma (window 743-711 Ma, ANS-CON-0005). Native Merdith 2021 reconstructs the site on Oman plate 503, carried by India, at 25.98 N (residual -11.52 deg), so the frame India enters at 720 Ma does not satisfy this constraint.",727,16,"Swanson-Hysell et al. (2025), Geology, https://doi.org/10.1130/G53450.1",low
801,Australia-Antarctica,700,101,701,breakup,Indo-Antarctica leaves Laurentia (Rodinia breakup),In the top panel of the hand-drawn Neoproterozoic cladogram (Neoprot_cladogram_June29.pdf) the Indo-Antarctica line leaves the Laurentia line at a stop at ca. 700 Ma; the model moves Australia-Antarctica from Laurentia to the Congo frame at 700 Ma.,700,,,low
77030,Kalahari-Congo,700,101,701,rifting,Kalahari northern and Gariep margin rifting,"Rift boxes (crimson) on the Kalahari row of the hand-drawn Neoproterozoic cladogram (Neoprot_cladogram_June29.pdf) (Northern margin, Gariep margin) span ca. 820-720 Ma; the model moves Kalahari from Laurentia to the Congo frame at 700 Ma.",770,50,,low
201,Amazonia,590,101,701,rifting,Amazonia margin rifting (leaves Laurentia),Rift boxes (crimson) on the Amazonia & Rio Apa rows of the hand-drawn Neoproterozoic cladogram (Neoprot_cladogram_June29.pdf) span ca. 661-641 and 613-593 Ma; the model moves Amazonia from Laurentia to the Congo frame at 590 Ma.,603,10,,low
201,Amazonia,540,701,714,collision,"Rokelide, Araguaia and Paraguay belts (75, 34, 35)","Terminal collision box (orange: 75 Rokelides, 34 Araguaia, 35 Paraguay) on the Amazonia and Brasiliano rows of the hand-drawn Neoproterozoic cladogram (Neoprot_cladogram_June29.pdf) spans ca. 551-520 Ma.",536,15,,low
22052,Borborema,540,715,201,collision,"Borborema-Sergipano orogeny (27, 28)","Accretion/collision boxes 27 (Borborema) and 28 (Sergipano) on the hand-drawn Neoproterozoic cladogram (Neoprot_cladogram_June29.pdf) span ca. 636-602 Ma, with the Trans-Saharan belt (orange) at ca. 615-581 Ma; the model hands Borborema to Amazonia only at 540 Ma.",619,17,,low
22032,Pampia,520,701,201,accretion,Pampean orogeny (38),"Accretion box 38 (Pampean) on the Pampea, Arequipa and Antofalla rows of the hand-drawn Neoproterozoic cladogram (Neoprot_cladogram_June29.pdf) spans ca. 544-524 Ma.",534,10,,low
503,Arabia-Somalia (Oman),520,501,709,collision,East-West Gondwana terminal suturing,"Final East-West Gondwana assembly within a broad terminal Ediacaran window, 570-540 Ma, not to be conflated with earlier internal ANS sutures (ANS-CON-0006). The hand-drawn Neoproterozoic cladogram (Neoprot_cladogram_June29.pdf) draws the terminal Malagasy (74) and Arabian-Mozambique (135) collision (orange) on the Oman row at ca. 570-530 Ma.",555,15,"Johnson et al. (2011), Journal of African Earth Sciences 61(3), 167-232, https://doi.org/10.1016/j.jafrearsci.2011.07.003; Stern et al. (2012), Precambrian Research 206-207, 159-167, https://doi.org/10.1016/j.precamres.2012.02.008",medium
702,Madagascar (Antongil),520,501,701,collision,Malagasy orogeny (74),"Terminal collision box 74 (Malagasy, orange) on the Antongil (India) and Azania rows of the hand-drawn Neoproterozoic cladogram (Neoprot_cladogram_June29.pdf) spans ca. 570-530 Ma.",550,20,,low
77022,Southern Madagascar,520,5032,702,suture,Beraketa suture closure,"Closure of the Beraketa suture and final assembly between the western ANS-affinity and eastern India-affinity (Anosyen) domains of Madagascar, bracketed 580-520 Ma by SHRIMP ages (ANS-CON-0023).",550,30,"Boger et al. (2015), Gondwana Research 28(3), 1048-1060, https://doi.org/10.1016/j.gr.2014.08.017",medium
77021,Central Madagascar,520,5032,702,suture,Beraketa suture closure,"Same 580-520 Ma Beraketa suture window (ANS-CON-0023); Central Madagascar is not itself the Anosyen domain, so the link to this handoff is weaker than for Southern Madagascar.",550,30,"Boger et al. (2015), Gondwana Research 28(3), 1048-1060, https://doi.org/10.1016/j.gr.2014.08.017",low
5014,Southern Granulite Terrane,520,5032,501,collision,Cambrian collision along the Southern Granulite Terrane,A 513 +/- 4.6 Ma metamorphic zircon population in the Manamedu plagiogranite records a Cambrian collision to post-collisional tectonothermal event (ANS-CON-0024).,513,4.6,"Santosh et al. (2012), Precambrian Research 192-195, 190-208, https://doi.org/10.1016/j.precamres.2011.10.025",medium
